{
    "L_deltoid":{
        "L_deltoidA_muscleOrigin":[
            19.62669890514917,
            164.68107769035242,
            -1.4848044983591082
        ],
        "L_deltoidA_muscleInsertion":[
            29.50647337181983,
            153.09867886626154,
            -9.975520662726439
        ],
        "L_deltoidA_JOmuscle":[
            25.598464843049065,
            161.2563877214144,
            -1.0038598959838088
        ],
        "L_deltoidB_muscleOrigin":[
            22.76379182226914,
            170.68016814932318,
            -9.564894654060803
        ],
        "L_deltoidB_muscleInsertion":[
            29.917898009840663,
            152.6701115349898,
            -9.975520662726453
        ],
        "L_deltoidB_JOmuscle":[
            30.732352969919766,
            164.94575609720107,
            -5.62022122027642
        ],
        "L_deltoidC_muscleOrigin":[
            20.952966623019673,
            166.44621893112702,
            -17.0879820056064
        ],
        "L_deltoidC_muscleInsertion":[
            30.24360918160722,
            152.2244015104671,
            -9.97552066272642
        ],
        "L_deltoidC_JOmuscle":[
            29.195523451978456,
            165.8880296595346,
            -15.645139493977586
        ],
        "Tag":"DeltoidGroup",
        "inputs":{
            "clavicleJoint":"JBD_L_clavicle",
            "upperArmJoint":"JBD_L_shoulder",
            "twist1Joint":"JBD_L_shoulder_Twist1",
            "twist2Joint":"JBD_L_shoulder_Twist2",
            "acromionJoint":"L_Acromion"
        }
    },
    "L_armMuscle":{
        "L_armMuscleA_muscleOrigin":[
            23.776765239964323,
            155.90851064421742,
            -6.560640209836375
        ],
        "L_armMuscleA_muscleInsertion":[
            38.835914949186225,
            132.31268608065997,
            -8.427356159789564
        ],
        "L_armMuscleA_JOmuscle":[
            28.06035881613267,
            143.9674293410632,
            -5.420249251809145
        ],
        "L_armMuscleB_muscleOrigin":[
            21.701737628915232,
            165.08302311917785,
            -17.651539472930324
        ],
        "L_armMuscleB_muscleInsertion":[
            46.86396905921292,
            133.32712439443983,
            -14.22261560030017
        ],
        "L_armMuscleB_JOmuscle":[
            33.444615505910036,
            150.89772248128494,
            -19.327016392395436
        ],
        "Tag":"ArmMuscleGroup",
        "inputs":{
            "upArmTwsitJoint":"JBD_L_shoulder_Twist2",
            "lowArmTwsitJoint":"JBD_L_elbow_Twist1",
            "twistBaseJoint":"JBD_L_shoulder_TwistBase",
            "twistValueJoint":"JBD_L_shoulder_TwistValue",
            "acromionJoint":"L_Acromion"
        }
    }
}