{
    "L_trap":{
        "L_trapA_muscleOrigin":[
            0.0,
            179.63130123100518,
            -10.546456435494695
        ],
        "L_trapA_muscleInsertion":[
            19.626698905149148,
            164.05437414543022,
            -7.686087047028318
        ],
        "L_trapA_JOmuscle":[
            12.241864010371566,
            175.2713288286371,
            -12.071360370638523
        ],
        "L_trapB_muscleOrigin":[
            0.0,
            167.51097135801774,
            -14.823463609801522
        ],
        "L_trapB_muscleInsertion":[
            19.083172363979358,
            169.56197856197574,
            -11.542731325832747
        ],
        "L_trapB_JOmuscle":[
            6.554261180962606,
            170.41738329397663,
            -17.29255684069222
        ],
        "L_trapC_muscleOrigin":[
            0.0,
            155.90463625973024,
            -16.78218635647006
        ],
        "L_trapC_muscleInsertion":[
            11.721933447399747,
            167.325599387281,
            -15.498404669376619
        ],
        "L_trapC_JOmuscle":[
            3.2055667227868283,
            161.09879004555023,
            -18.688581837948934
        ],
        "Tag":"TrapGroup",
        "inputs":{
            "back2Joint":"JBD_back2",
            "clavicleJoint":"JBD_L_clavicle",
            "acromionJoint":"L_Acromion"
        }
    },
    "L_lats":{
        "L_latsA_muscleOrigin":[
            0.0,
            143.7399985223689,
            -12.791172183025871
        ],
        "L_latsA_muscleInsertion":[
            25.26757074472449,
            159.82120878681053,
            -8.324801915932259
        ],
        "L_latsA_JOmuscle":[
            6.912902900095185,
            148.24152567917116,
            -17.969131636734726
        ],
        "L_latsB_muscleOrigin":[
            7.40577962900415,
            128.58810152044,
            -13.927534360526689
        ],
        "L_latsB_muscleInsertion":[
            24.7113856439064,
            160.69113932911577,
            -8.324801915932197
        ],
        "L_latsB_JOmuscle":[
            18.365771059921567,
            142.68751784818573,
            -15.101251005409715
        ],
        "L_latsC_muscleOrigin":[
            12.86505823447566,
            154.4869682759549,
            -19.09100343026895
        ],
        "L_latsC_muscleInsertion":[
            24.197984012382015,
            161.53254755855846,
            -8.324801915932273
        ],
        "L_latsC_JOmuscle":[
            18.97792296484529,
            157.90265282470526,
            -20.76885202330584
        ],
        "Tag":"LatsGroup",
        "inputs":{
            "back1Joint":"JBD_back1",
            "twist2Joint":"JBD_L_shoulder_Twist2",
            "scapulaJoint":"L_scapula",
            "trapCJoint":"L_trapC_JOmuscle"
        }
    },
    "L_deltoid":{
        "L_deltoidA_muscleOrigin":[
            19.62669890514916,
            164.68107769035237,
            -1.4848044983591144
        ],
        "L_deltoidA_muscleInsertion":[
            29.50647337181983,
            153.09867886626154,
            -9.975520662726439
        ],
        "L_deltoidA_JOmuscle":[
            25.598464843049044,
            161.25638772141434,
            -1.003859895983807
        ],
        "L_deltoidB_muscleOrigin":[
            22.76379182226916,
            170.68016814932312,
            -9.564894654060803
        ],
        "L_deltoidB_muscleInsertion":[
            29.9178980098407,
            152.6701115349898,
            -9.975520662726442
        ],
        "L_deltoidB_JOmuscle":[
            30.732352969919777,
            164.94575609720098,
            -5.620221220276445
        ],
        "L_deltoidC_muscleOrigin":[
            20.95296662301966,
            166.44621893112702,
            -17.0879820056064
        ],
        "L_deltoidC_muscleInsertion":[
            30.24360918160724,
            152.2244015104671,
            -9.97552066272643
        ],
        "L_deltoidC_JOmuscle":[
            29.19552345197842,
            165.88802965953457,
            -15.645139493977599
        ],
        "Tag":"DeltoidGroup",
        "inputs":{
            "clavicleJoint":"JBD_L_clavicle",
            "upperArmJoint":"JBD_L_shoulder",
            "twist1Joint":"JBD_L_shoulder_Twist1",
            "twist2Joint":"JBD_L_shoulder_Twist2",
            "acromionJoint":"L_Acromion"
        }
    },
    "L_armMuscle":{
        "L_armMuscleA_muscleOrigin":[
            23.77676523996437,
            155.90851064421736,
            -6.560640209836379
        ],
        "L_armMuscleA_muscleInsertion":[
            38.835914949186225,
            132.31268608065997,
            -8.42735615978956
        ],
        "L_armMuscleA_JOmuscle":[
            28.060358816132698,
            143.96742934106314,
            -5.420249251809146
        ],
        "L_armMuscleB_muscleOrigin":[
            21.701737628915254,
            165.0830231191778,
            -17.65153947293033
        ],
        "L_armMuscleB_muscleInsertion":[
            46.86396905921292,
            133.32712439443983,
            -14.222615600300166
        ],
        "L_armMuscleB_JOmuscle":[
            33.44461550591005,
            150.89772248128494,
            -19.327016392395436
        ],
        "Tag":"ArmMuscleGroup",
        "inputs":{
            "upArmTwsitJoint":"JBD_L_shoulder_Twist2",
            "lowArmTwsitJoint":"JBD_L_elbow_Twist1",
            "twistBaseJoint":"JBD_L_shoulder_TwistBase",
            "twistValueJoint":"JBD_L_shoulder_TwistValue",
            "acromionJoint":"L_Acromion"
        }
    }
}