{
    "L_trap":{
        "L_trapA_muscleOrigin":[
            0.0,
            179.63130123100518,
            -10.546456435494695
        ],
        "L_trapA_muscleInsertion":[
            19.626698905149148,
            164.05437414543022,
            -7.686087047028318
        ],
        "L_trapA_JOmuscle":[
            12.241864010371566,
            175.2713288286371,
            -12.071360370638523
        ],
        "L_trapB_muscleOrigin":[
            0.0,
            167.51097135801774,
            -14.823463609801522
        ],
        "L_trapB_muscleInsertion":[
            19.083172363979358,
            169.56197856197574,
            -11.542731325832747
        ],
        "L_trapB_JOmuscle":[
            6.554261180962606,
            170.41738329397663,
            -17.29255684069222
        ],
        "L_trapC_muscleOrigin":[
            0.0,
            155.90463625973024,
            -16.78218635647006
        ],
        "L_trapC_muscleInsertion":[
            11.721933447399747,
            167.325599387281,
            -15.498404669376619
        ],
        "L_trapC_JOmuscle":[
            3.2055667227868283,
            161.09879004555023,
            -18.688581837948934
        ],
        "Tag":"TrapGroup",
        "inputs":{
            "back2Joint":"JBD_back2",
            "clavicleJoint":"JBD_L_clavicle",
            "acromionJoint":"L_Acromion"
        }
    },
    "R_trap":{
        "R_trapA_muscleOrigin":[
            0.0,
            179.63130123100518,
            -10.546456435494708
        ],
        "R_trapA_muscleInsertion":[
            -19.626698905149148,
            164.05437414543016,
            -7.686087047028323
        ],
        "R_trapA_JOmuscle":[
            -12.241864010371536,
            175.27132882863694,
            -12.071360370638537
        ],
        "R_trapB_muscleOrigin":[
            0.0,
            167.51097135801774,
            -14.823463609801522
        ],
        "R_trapB_muscleInsertion":[
            -19.08317236397947,
            169.56197856197556,
            -11.54273132583273
        ],
        "R_trapB_JOmuscle":[
            -6.554261180962636,
            170.41738329397654,
            -17.292556840692264
        ],
        "R_trapC_muscleOrigin":[
            0.0,
            155.90463625973024,
            -16.78218635647005
        ],
        "R_trapC_muscleInsertion":[
            -11.721933447399843,
            167.32559938728082,
            -15.498404669376598
        ],
        "R_trapC_JOmuscle":[
            -3.205566722786788,
            161.09879004555023,
            -18.6885818379489
        ],
        "Tag":"TrapGroup",
        "inputs":{
            "back2Joint":"JBD_back2",
            "clavicleJoint":"JBD_R_clavicle",
            "acromionJoint":"R_Acromion"
        }
    },
    "L_deltoid":{
        "L_deltoidA_muscleOrigin":[
            19.62669890514916,
            164.68107769035237,
            -1.4848044983591144
        ],
        "L_deltoidA_muscleInsertion":[
            29.50647337181983,
            153.09867886626154,
            -9.975520662726439
        ],
        "L_deltoidA_JOmuscle":[
            25.598464843049044,
            161.25638772141434,
            -1.003859895983807
        ],
        "L_deltoidB_muscleOrigin":[
            22.76379182226916,
            170.68016814932312,
            -9.564894654060803
        ],
        "L_deltoidB_muscleInsertion":[
            29.9178980098407,
            152.6701115349898,
            -9.975520662726442
        ],
        "L_deltoidB_JOmuscle":[
            30.732352969919777,
            164.94575609720098,
            -5.620221220276445
        ],
        "L_deltoidC_muscleOrigin":[
            20.95296662301966,
            166.44621893112702,
            -17.0879820056064
        ],
        "L_deltoidC_muscleInsertion":[
            30.24360918160724,
            152.2244015104671,
            -9.97552066272643
        ],
        "L_deltoidC_JOmuscle":[
            29.19552345197842,
            165.88802965953457,
            -15.645139493977599
        ],
        "Tag":"DeltoidGroup",
        "inputs":{
            "clavicleJoint":"JBD_L_clavicle",
            "upperArmJoint":"JBD_L_shoulder",
            "twist1Joint":"JBD_L_shoulder_Twist1",
            "twist2Joint":"JBD_L_shoulder_Twist2",
            "acromionJoint":"L_Acromion"
        }
    },
    "R_deltoid":{
        "R_deltoidA_muscleOrigin":[
            -19.62669890514915,
            164.6810776903522,
            -1.4848044983591162
        ],
        "R_deltoidA_muscleInsertion":[
            -29.506473371819784,
            153.0986788662616,
            -9.97552066272644
        ],
        "R_deltoidA_JOmuscle":[
            -25.59846484304904,
            161.25638772141437,
            -1.0038598959837846
        ],
        "R_deltoidB_muscleOrigin":[
            -22.763791822269276,
            170.68016814932295,
            -9.564894654060804
        ],
        "R_deltoidB_muscleInsertion":[
            -29.917898009840744,
            152.67011153498973,
            -9.975520662726444
        ],
        "R_deltoidB_JOmuscle":[
            -30.73235296991985,
            164.9457560972009,
            -5.620221220276421
        ],
        "R_deltoidC_muscleOrigin":[
            -20.952966623019666,
            166.4462189311268,
            -17.087982005606385
        ],
        "R_deltoidC_muscleInsertion":[
            -30.243609181607273,
            152.22440151046712,
            -9.975520662726419
        ],
        "R_deltoidC_JOmuscle":[
            -29.19552345197847,
            165.8880296595346,
            -15.645139493977549
        ],
        "Tag":"DeltoidGroup",
        "inputs":{
            "clavicleJoint":"JBD_R_clavicle",
            "upperArmJoint":"JBD_R_shoulder",
            "twist1Joint":"JBD_R_shoulder_Twist1",
            "twist2Joint":"JBD_R_shoulder_Twist2",
            "acromionJoint":"R_Acromion"
        }
    }
}